id,longitude,latitude,street
1,10.7217496,59.9399586,Vernon
2,-108.0887656,25.4765601,Towne
3,-79.796898,-4.581521,Holy Cross
4,43.7924407,43.4136328,Marcy
5,-43.2904739,-22.1588749,Burning Wood
6,39.7951718,55.1264168,Almo
7,16.7305754,45.4949897,Sauthoff
8,100.721884,22.62097,Northridge
9,103.573122,31.874138,Dennis
10,-15.9259271,13.919217,Petterle
11,9.8180732,4.8478109,Northland
12,45.2427175,43.708681,Eagan
13,117.7395532,-8.906419,Duke
14,-63.8581485,11.028458,Mandrake
15,2.054647,48.7865463,4th
16,99.4783816,14.3059024,Eggendart
17,121.0328004,14.4776308,Elgar
18,14.6280662,46.1515226,Mandrake
19,121.0589081,14.7596318,Walton
20,-96.3438274,30.671701,Graedel
21,12.4495221,32.7811016,Atwood
22,21.1594809,56.1636909,Crownhardt
23,104.066801,30.572815,Sugar
24,111.409653,23.236168,Victoria
25,122.6051351,-8.460409,Cascade
26,19.2911275,49.7053824,Bartillon
27,107.237743,34.363184,Continental
28,-82.4102628,22.9861757,Weeping Birch
29,81.324136,43.916823,Butternut
30,38.90906,55.47785,Clarendon
31,107.415889,29.1203,Sachs
32,127.1138939,36.815129,Duke
33,18.6917922,12.1862546,Ridge Oak
34,105.613174,27.141681,Dovetail
35,4.8265786,46.2993504,Holy Cross
36,108.6334,-7.1928,Graedel
37,120.047429,30.379545,Bay
38,116.809657,39.944315,Maple
39,22.5416683,40.2740679,Stephen
40,-6.176659,53.4487975,Longview
41,-86.1688177,13.1959918,Almo
42,5.4431946,43.5190858,Oak Valley
43,123.1900935,13.6615154,Ruskin
44,111.6556388,-7.5450262,Tennyson
45,-74.213611,-13.056944,Hoard
46,20.2325754,45.8987694,Pine View
47,151.9671197,7.514621,Melrose
48,123.236944,41.267244,Springview
49,37.4622629,55.706844,Mandrake
50,96.1367935,20.4314732,Welch
51,-83.65,41.7,Meadow Valley
52,110.011238,25.797931,Bultman
53,113.829156,22.719816,Elka
54,13.339803,52.4555293,Luster
55,24.4954399,56.8335579,Esker
56,19.23964,51.341376,Messerschmidt
57,110.6786933,-6.582711,Ludington
58,-0.3371889,40.7559095,Haas
59,19.6764505,51.4197881,Sullivan
60,-53.7365827,-24.7289094,Bluestem
61,140.6090975,37.8512533,Dixon
62,139.0842383,36.1638542,Saint Paul
63,103.1048449,14.4068464,Everett
64,107.905562,34.955825,American
65,122.3630092,11.7129451,Charing Cross
66,-46.0577071,-22.6118831,Duke
67,22.4329027,53.6985264,Pepper Wood
68,-72.0942187,5.4942923,Garrison
69,14.47611,35.90556,Waubesa
70,35.4328125,47.9403226,Farragut
71,-88.533333,14.75,Clyde Gallagher
72,19.6135793,53.2515219,Anthes
73,57.6874206,54.9896116,Dakota
74,121.0204582,14.5699334,Swallow
75,-90.5721841,14.5033033,Glacier Hill
76,30.1531568,8.296968,Nova
77,-100.3245306,21.037786,Morrow
78,1.0736574,49.4660029,Norway Maple
79,45.4759898,36.158405,Merrick
80,47.6947512,34.4740361,Kensington
81,15.7510575,50.2044695,Dixon
82,115.636717,30.83537,Westend
83,-87.5470024,13.4710669,Lukken
84,-100.4277766,25.8007724,Corben
85,70.5552362,37.1017088,Golf Course
86,119.460526,29.208918,Wayridge
87,7.0552218,13.5655838,Red Cloud
88,25.1973796,48.2521582,Truax
89,99.0819914,9.948601,Banding
90,115.614437,25.487867,Nelson
91,24.3530817,57.8552975,Maple
92,112.132488,34.728584,Springs
93,120.8333,16.8,Northfield
94,20.2689645,50.1143147,Barnett
95,6.3904955,47.3599545,Bartelt
96,-41.4812771,-19.9125279,Pond
97,119.110257,25.435964,Summit
98,103.1024948,3.706995,Anzinger
99,27.2018656,51.287518,Rockefeller
100,105.924,48.80189,Texas
101,47.9221616,46.1998296,Cardinal
102,28.1527803,53.506761,Manitowish
103,108.980102,34.909793,Hintze
104,45.044839,43.3213308,Northview
105,25.8255575,-17.9318052,Schlimgen
106,44.1103116,40.8328514,Golden Leaf
107,106.9123883,-6.1872497,Butternut
108,109.62866,30.2785,Huxley
109,63.6850141,58.041296,Rigney
110,123.1721164,9.9296381,Lakewood
111,119.8245506,-3.3226005,Sutherland
112,128.4136847,50.9076315,Roxbury
113,123.017079,13.658247,Crescent Oaks
114,101.1064003,4.6096768,Sugar
115,107.7843483,-7.0631844,Kipling
116,99.0626377,2.965147,Morrow
117,-7.9261469,37.0177329,Sloan
118,121.0162168,14.6927715,Pine View
119,-28.0339781,38.6152027,Stephen
120,44.6019551,25.1858677,Talisman
121,127.6904441,26.1045921,Victoria
122,135.7683696,34.8148172,Algoma
123,39.6285874,-10.8416198,Fairview
124,-8.5624704,41.6409278,Oak Valley
125,121.0360943,14.4290353,Ronald Regan
126,121.0441201,14.4712676,Corben
127,112.6211111,-7.6155556,Schurz
128,-80.4270885,-3.5564921,Burning Wood
129,5.3087356,60.4605793,Ridge Oak
130,87.1321485,52.2467948,Barnett
131,104.38784,31.121606,Truax
132,-39.3121233,-7.2284727,Rigney
133,-2.1336267,49.2059545,Sunnyside
134,15.3266695,49.3203637,Everett
135,-76.9970692,-11.9417972,Thackeray
136,-157.7019881,21.2962334,Gale
137,114.090867,40.420237,Ryan
138,7.7342943,48.5851876,Hermina
139,55.2828404,-21.0504707,2nd
140,112.7657727,-7.2792087,Lyons
141,-171.9596279,-13.8223647,Luster
142,-114.0979947,52.3076201,Garrison
143,-9.1028729,39.5016783,Maryland
144,122.830067,14.156592,American
145,114.375743,30.882557,Buhler
146,18.270174,49.9260217,Lake View
147,117.500558,40.417358,Bonner
148,24.3454482,50.0994726,Lighthouse Bay
149,-42.5117238,-5.0175431,Moulton
150,118.675675,24.874132,Bayside
151,116.546998,28.369399,Stone Corner
152,-8.4661017,40.8253148,Forest
153,-69.6840125,-15.7725451,Union
154,118.71899,24.880992,Mcbride
155,117.393358,31.211077,Garrison
156,108.2970692,-6.3398714,Bayside
157,-80.2454223,25.728011,Cambridge
158,20.275033,53.8298337,Debra
159,117.135488,39.224791,Bellgrove
160,-67.0464591,-18.7942434,Memorial
161,113.190869,22.613406,Autumn Leaf
162,120.663064,28.01082,Judy
163,122.762485,63.897847,David
164,112.989854,28.112525,Randy
165,17.82264,52.56166,Mariners Cove
166,105.011894,34.563589,Annamark
167,34.6341859,47.5015067,Duke
168,104.5917494,20.5200611,Mccormick
169,56.3712327,36.9635917,Gina
170,101.7178316,3.1523104,Corben
171,106.7692013,10.9155965,Vermont
172,139.659239,36.0174073,Michigan
173,30.4729492,59.7591906,Eliot
174,25.8640062,-24.8705652,Vernon
175,9.7846002,37.1432384,Blackbird
176,121.429477,29.287939,Fremont
177,101.765843,36.628305,Leroy
178,131.124079,45.260412,West
179,-71.4091563,-14.1387292,Crescent Oaks
180,-87.8991514,13.6216631,Golf Course
181,16.5529968,59.3703069,Garrison
182,-64.325272,-23.144255,Oakridge
183,37.0990498,9.5646371,Loomis
184,19.82111,40.96778,Blue Bill Park
185,149.3023702,6.6885285,Springview
186,5.3185835,60.3882249,Columbus
187,16.0279817,56.7813252,Merchant
188,-73.393617,7.761063,Carberry
189,-87.3478243,39.4596137,Merchant
190,120.972283,13.874099,Kropf
191,114.131764,22.54817,Bay
192,-97.52,35.46,Mayfield
193,16.9050077,49.7647258,Sycamore
194,114.0643,-7.7169,Nobel
195,-54.9697212,-20.9306687,Westridge
196,-43.7764925,-21.2399347,Granby
197,-0.4928359,46.823629,Spaight
198,87.2817272,26.7943861,Hoepker
199,17.0509784,59.6189852,Bunting
200,21.426297,40.9905239,Acker
201,148.1452805,62.7810616,Warner
202,-75.0826,45.3168,Waywood
203,12.7425586,56.030318,Elgar
204,100.5219418,13.9210992,Nevada
205,-8.8886377,39.8474574,Di Loreto
206,14.4322399,46.1428433,Mcbride
207,5.3446343,60.3560649,Golf View
208,-73.330688,-14.82087,Amoth
209,-48.5027406,-27.593609,Paget
210,123.6274,-10.2183,Mockingbird
211,23.7484332,60.8061218,Canary
212,98.3459726,7.9122744,Valley Edge
213,33.5811995,-2.1678255,Trailsway
214,30.4461356,60.2474501,Cottonwood
215,22.096939,41.494692,Northland
216,90.908217,29.820745,Myrtle
217,6.8700255,52.7881505,Farwell
218,106.8357854,-6.1891552,Lien
219,101.48989,36.769677,Basil
220,-61.444406,15.444313,Division
221,115.217658,37.943121,Parkside
222,122.9437,-10.7964,Kenwood
223,22.7619237,39.8435737,Sullivan
224,112.424933,27.465141,Welch
225,124.1041803,9.7044463,Stuart
226,120.677011,36.139998,5th
227,3.6319131,6.8322014,Scoville
228,41.7631303,52.6738562,Marquette
229,123.89885,10.297315,Shasta
230,118.796877,32.060255,Ruskin
231,24.9353935,37.4498962,Annamark
232,113.459749,23.106401,Morrow
233,111.206475,41.28932,Dunning
234,-73.8394482,45.6181396,Loeprich
235,105.9611748,-6.3139863,Rutledge
236,-72.5558986,-12.6358928,Golf Course
237,110.6338382,-7.8307181,Main
238,67.41062,44.00947,Grayhawk
239,35.021481,32.28548,Bartelt
240,111.207071,31.293061,Springs
241,112.6079459,-8.074933,Marcy
242,13.0716999,50.4322664,Russell
243,112.896606,23.156045,Magdeline
244,-71.2106242,-32.7910792,Butternut
245,-87.1310668,12.7684177,Sycamore
246,-42.1644994,-4.8220831,Anhalt
247,113.217268,22.149009,Sugar
248,115.100568,29.256382,Prairie Rose
249,111.778818,37.146294,Atwood
250,-7.8200663,40.7363895,Manitowish
251,112.8007246,-7.9780918,Melvin
252,95.1536327,22.1215513,Loftsgordon
253,140.276147,-6.080007,Caliangt
254,117.323725,34.810487,Hooker
255,100.4340367,20.262817,Anderson
256,3.1845673,50.6930818,Northport
257,121.0191099,14.3958755,Starling
258,105.44174,28.871569,Atwood
259,84.4237855,55.2397021,Ridgeview
260,48.7739491,57.5637205,Cordelia
261,-83.8539514,9.8294983,Emmet
262,119.4015739,41.245445,Corry
263,36.4878241,4.9640933,Karstens
264,113.766805,26.438463,Carey
265,45.168817,43.336168,Logan
266,98.729681,3.541868,Bay
267,122.018799,47.233746,Sloan
268,-64.7486638,46.0952765,Village Green
269,-40.2884386,-7.740099,Sloan
270,112.9277,-6.9621,Jana
271,67.3086236,37.2610694,Gerald
272,21.2277415,41.0417485,Crownhardt
273,120.6999969,18.1166668,Little Fleur
274,-40.2509918,-15.2475119,Manitowish
275,59.6665153,42.1261418,Division
276,-8.6340751,52.6638144,Dovetail
277,36.11523,35.31025,Redwing
278,105.6823124,-5.3003056,Quincy
279,-68.1346594,-16.5030766,Bobwhite
280,107.5268471,11.5705176,Fulton
281,105.4536718,19.0511285,Blue Bill Park
282,-7.9185148,40.4709245,Oak Valley
283,39.8548496,57.2992579,Quincy
284,-99.0806088,19.3579802,Caliangt
285,-25.670123,37.751046,Annamark
286,-13.5841871,10.3674543,Larry
287,121.819,18.0506,Caliangt
288,112.00383,39.94191,International
289,120.9905117,14.295795,Eagle Crest
290,30.1775921,59.82941,Memorial
291,5.3185835,60.3882249,Gateway
292,113.5282081,-7.1274078,Melody
293,89.0445636,22.4217587,Bluestem
294,56.174166,57.737194,Spenser
295,37.9176675,55.9289331,Moose
296,123.1281781,9.0462197,Judy
297,31.162448,30.9781287,Sauthoff
298,19.150386,45.536587,Brentwood
299,12.4867883,43.9704382,Leroy
300,-7.4773543,41.7595825,Hanson
301,120.758848,37.810661,Trailsway
302,107.762268,31.904326,Declaration
303,85.800614,51.954075,Barby
304,100.6537593,-0.1869837,Starling
305,-1.5401497,47.2550409,Loeprich
306,107.62613,34.265637,Cordelia
307,120.5150706,15.0737251,Birchwood
308,-64.0106073,-36.5337379,West
309,16.8482236,48.8255395,Charing Cross
310,44.5841127,40.0179745,Summerview
311,49.0943433,32.3295438,Dovetail
312,-75.762586,-14.0874587,South
313,133.1395202,33.8941622,Summerview
314,91.140552,29.654838,Twin Pines
315,17.7836929,59.758523,Victoria
316,32.0477111,49.6617919,Vahlen
317,121.6397151,13.939297,Almo
318,-54.7412036,-25.6707073,Dapin
319,-76.2327036,-6.8054925,Eggendart
320,109.875933,33.759248,Oak
321,18.8985165,49.6308644,Lukken
322,19.7778549,50.2505714,Mifflin
323,27.7702053,42.2342735,Kings
324,108.093259,35.032891,Red Cloud
325,-78.9995154,-1.5904721,Sachtjen
326,121.0134482,14.5662555,Knutson
327,107.526896,31.260046,Hoffman
328,5.6840137,53.0353444,Nevada
329,115.260968,36.962883,Mariners Cove
330,108.5522531,-6.9375866,Steensland
331,31.8164031,1.2061176,Sloan
332,106.3438891,10.3765284,Lawn
333,-55.9145502,-27.3869255,Melvin
334,16.9953098,49.6354683,Spenser
335,-75.931004,4.2743779,Marquette
336,-2.9231898,48.0386685,Clemons
337,39.7419209,47.9560267,Hayes
338,121.109772,14.6912206,Caliangt
339,117.246625,39.10972,Jay
340,112.572018,26.893368,Monica
341,34.1661641,60.9116468,Bunting
342,-69.8627901,18.4849486,Kennedy
343,116.4041472,39.9666494,Corscot
344,107.3532717,-6.8292253,Basil
345,114.3103718,-8.0030419,Northfield
346,31.5227266,-8.2981893,Prentice
347,18.2354187,49.7291343,Coolidge
348,-7.9642644,41.4781837,Grayhawk
349,-8.2423289,37.832557,Surrey
350,-7.5598116,39.0038214,Glendale
351,45.95,-24.333333,Kensington
352,20.0971774,44.8766183,Lotheville
353,16.2620907,49.5474598,Crest Line
354,112.814502,22.122658,Bartelt
355,116.5079754,39.800607,Schlimgen
356,71.1537637,34.8742638,Homewood
357,113.810157,26.319938,Golf View
358,110.250123,21.377246,Brown
359,106.7045995,-6.2278972,Karstens
360,106.0253,-6.22625,Loftsgordon
361,-106.76792,52.33339,Killdeer
362,112.320499,28.926001,Meadow Valley
363,101.280205,27.928835,Waxwing
364,26.9591755,36.7445146,Burning Wood
365,101.273161,23.561556,Schlimgen
366,22.4674999,50.242123,Dunning
367,125.027158,10.9525339,Garrison
368,-67.0166725,10.3846169,Crest Line
369,22.7524961,48.6688151,Ryan
370,114.057865,22.543096,Loomis
371,119.597896,31.723247,Mallory
372,118.799497,41.21966,Park Meadow
373,40.2634504,62.2245877,Summerview
374,113.8138552,-7.9199459,Jenifer
375,33.0817144,35.1338673,Lerdahl
376,117.130129,25.732824,Hollow Ridge
377,119.7429815,5.0452657,Sullivan
378,16.0198605,50.5374971,Hoard
379,28.6688238,56.7113733,Oakridge
380,48.4631098,34.0375944,New Castle
381,-62.0399534,-16.131343,Mcguire
382,8.6600586,35.0809148,Northwestern
383,44.2289441,17.5656036,Lawn
384,108.133333,-7.633333,Vidon
385,119.64742,29.079175,Oxford
386,5.1175293,52.08234,Park Meadow
387,3.5033042,6.5959532,Jana
388,-75.6033497,6.1307505,Dawn
389,-74.464018,4.761738,Green Ridge
390,109.998621,29.322952,Emmet
391,28.5305764,62.7864915,Ridgeway
392,105.7563658,20.955835,Reinke
393,94.69116,30.976156,Homewood
394,-82.3695988,23.1351485,1st
395,-75.412672,10.334638,Harbort
396,-14.1959978,13.2375414,Pleasure
397,110.18122,22.654032,Valley Edge
398,121.1075051,14.2508238,Upham
399,24.4173321,37.3933984,Carey
400,35.074453,32.353463,Welch
401,32.8329917,51.1828188,School
402,109.412626,19.233277,Rowland
403,141.2405508,38.6002411,Grayhawk
404,7.540987,47.8215045,Logan
405,107.9512504,-7.3360763,Forest
406,100.7724281,48.7277622,Lotheville
407,115.070598,36.983696,Rieder
408,136.0369403,-4.0087147,Loftsgordon
409,118.337521,29.714699,Dryden
410,20.9108471,41.9100239,Kim
411,107.3109745,-6.9472168,Division
412,127.6825578,26.1853781,Katie
413,9.8216043,44.1034593,Pond
414,115.118091,26.97139,Texas
415,45.2504398,54.1456181,Gina
416,-75.239679,4.239304,Grasskamp
417,121.570383,29.866818,Service
418,11.6764538,58.3767785,Carberry
419,15.2838313,44.0731738,Drewry
420,107.9833112,-7.1684722,Quincy
421,20.477146,51.4506315,Oakridge
422,126.207415,8.417766,Merrick
423,108.7185184,-7.4141326,Schiller
424,1.997385,44.2874089,Corscot
425,56.4607919,24.7242467,Columbus
426,103.7983752,1.5484759,East
427,22.002802,40.1858788,Walton
428,-54.8265622,-29.8801552,Red Cloud
429,40.3495943,53.2109968,Summerview
430,14.0470364,50.0385516,Bartillon
431,108.0382475,12.6661944,Prairieview
432,38.9796562,55.7227702,Eagan
433,-105.4093552,20.8965838,Sherman
434,113.59762,24.810879,Weeping Birch
435,118.6154322,24.7204697,Hauk
436,5.8855505,44.346784,Carpenter
437,-76.6990172,2.481207,Manufacturers
438,-76.366667,-6.983333,Algoma
439,107.7147697,-6.9100633,Cordelia
440,21.9208543,36.8634887,Montana
441,65.7110972,57.0473862,Crowley
442,118.0771515,-8.68633,Clemons
443,109.878143,18.792633,Dayton
444,-68.4397551,9.8247812,Grim
445,104.195397,35.86166,Golf
446,115.0159,-8.4635,Lakewood
447,-73.9260044,45.0417524,Hayes
448,42.4853941,61.030613,Boyd
449,12.4495221,9.2485489,Arrowood
450,114.392392,36.097577,Pankratz
451,57.3779066,-20.2884188,Katie
452,130.553343,46.239185,Meadow Ridge
453,-81.5596427,25.9369686,Harbort
454,100.663597,0.93669,Oak
455,71.09863,34.91914,Towne
456,116.504048,39.8007621,Golf Course
457,-119.45237,49.03306,Quincy
458,121.0348405,14.6099284,Birchwood
459,85.874096,47.443101,Canary
460,-5.7434763,41.5044882,Cottonwood
461,106.457478,27.145704,Forest Dale
462,113.063143,25.280547,Randy
463,-7.9927714,41.5162209,Kensington
464,111.804777,27.951451,Southridge
465,-99.1227878,19.453837,Kings
466,42.9174509,43.3911349,Bultman
467,-75.2537397,39.9759847,Harper
468,81.239566,43.591386,Schurz
469,109.826069,-7.2171628,Grim
470,-86.7768273,36.0624707,Ronald Regan
471,113.810423,23.099153,Homewood
472,-84.38709,33.7654607,Schiller
473,16.9564844,51.6551687,Hudson
474,13.4504935,59.6117063,Commercial
475,23.4910916,37.9512175,Marquette
476,127.9382594,26.6182735,Armistice
477,21.01333,41.93167,Vera
478,6.1317337,49.6633939,Cody
479,96.779317,39.856317,Kings
480,113.3257,-8.1356,Talmadge
481,106.12575,21.4761084,Old Gate
482,28.0172665,-25.9248045,Fallview
483,20.0524105,41.0522859,Tennyson
484,120.9666672,6,Blackbird
485,-90.496159,14.5933217,Moose
486,109.983076,24.979855,Buell
487,20.065066,41.7186852,Arrowood
488,100.3161126,17.038735,Meadow Valley
489,41.756863,46.277611,Vernon
490,15.1855959,49.808516,Jana
491,139.4480166,35.4957441,Declaration
492,122.7973241,13.8185096,Mariners Cove
493,8.5528746,35.8904199,Fisk
494,121.0928711,14.6843598,Loomis
495,20.1900369,52.391799,Orin
496,-71.4091563,-14.1387292,Buena Vista
497,119.141473,28.074649,Sloan
498,105.6002024,22.1623468,Namekagon
499,44.0793911,2.7991084,Quincy
500,89.493117,28.615201,Fulton
501,21.959222,49.896245,Warrior
502,148.1452805,62.7810616,Maple Wood
503,117.032171,36.7821,Stang
504,40.0905465,47.3695152,Shopko
505,102.579531,17.8895907,Dunning
506,19.8982345,51.6113555,Luster
507,14.3818464,49.9313612,Cody
508,120.4557309,17.1056791,Loeprich
509,121.445448,31.213534,Corry
510,30.2992358,31.3052222,La Follette
511,-8.8186886,41.8415239,Annamark
512,113.994756,29.751072,Oak
513,18.3373855,49.7216794,Bultman
514,107.1573142,-6.633688,Bartillon
515,102.142511,34.481923,New Castle
516,47.0835378,60.3009074,Sunnyside
517,5.3446343,60.3560649,Chinook
518,-157.4903907,2.0385019,Cherokee
519,106.4729811,10.4452129,Reinke
520,83.2934086,28.3683182,Sugar
521,-9.1788304,11.4148113,Granby
522,100.24475,1.08142,Fulton
523,-68.2743064,9.9122584,Luster
524,-73.170822,-16.025181,Heffernan
525,12.7944645,58.1293824,Dunning
526,15.5089055,49.2063442,Merchant
527,-46.3092185,-19.0012649,Northport
528,119.329436,31.444052,Manufacturers
529,102.5527505,17.8064459,Autumn Leaf
530,99.923859,8.3373304,Del Mar
531,-65.7905325,-28.4481029,Westridge
532,27.8299056,53.5234017,Westport
533,121.749495,31.04808,Kinsman
534,112.5408991,-7.4200315,Carberry
535,107.526896,31.260046,Killdeer
536,58.84596,43.05207,Steensland
537,10.1367166,3.7953482,Anzinger
538,98.7150831,2.6378061,Derek
539,7.9797219,7.1809842,Sheridan
540,114.015532,38.407753,Muir
541,-8.6722459,41.4242264,Mockingbird
542,103.686294,30.304377,Kings
543,30.4386437,-17.0363653,Almo
544,-76.7798172,6.7810505,Hallows
545,16.1242534,45.9113179,Briar Crest
546,-47.4220818,-21.9896473,Prentice
547,-51.3429885,-18.7643566,Northridge
548,19.8423848,45.5119921,Hanson
549,-68.7259306,11.1626327,Westridge
550,30.0475103,63.4741556,Golf View
551,-46.4970116,-23.1770273,Warrior
552,114.69695,33.626149,Grim
553,23.7617382,37.9768245,Messerschmidt
554,-8.5821823,41.1296379,Manley
555,113.0284,-6.9322,Gale
556,-8.9107106,39.7383486,Darwin
557,123.7396635,13.1789151,Logan
558,-9.3069187,38.7157106,Mosinee
559,121.341969,30.741991,Bultman
560,110.451368,24.751346,Orin
561,91.016402,28.841329,Gerald
562,35.8363269,45.4451601,Delaware
563,35.29528,32.070084,Spohn
564,-69.1692951,-14.2576342,Haas
565,20.3174769,41.1829232,Maple Wood
566,28.8563795,48.6739771,Debra
567,119.761775,35.585575,Loeprich
568,50.0688474,57.8308498,East
569,-1.0514312,5.2023106,Bellgrove
570,100.737037,32.934565,Monument
571,116.158066,40.079784,Vera
572,-50.3069088,-27.604634,Myrtle
573,110.1317822,-7.5989183,Bluestem
574,122.2344795,7.0961815,Dottie
575,-119.45237,49.03306,Sycamore
576,23.5105576,49.2760303,Golden Leaf
577,-73.766129,3.991663,Quincy
578,22.4952072,65.855827,Bluejay
579,107.172085,-7.4212735,Pond
580,121.365123,28.582654,Goodland
581,105.291643,27.283955,Ryan
582,46.6966268,61.2370214,Killdeer
583,40.2145002,61.6724707,Veith
584,-16.9417632,32.6480275,Lunder
585,6.5303102,6.1816141,Almo
586,102.7939759,14.6640154,Northview
587,-63.0471371,18.0295839,Ludington
588,106.0023054,-6.2152002,Lotheville
589,-74.961495,10.323959,Miller
590,113.3859,-6.9924,Waubesa
591,120.6583327,16.0001974,Briar Crest
592,105.1990045,-5.1734862,Continental
593,118.644299,39.586554,Springview
594,80.2153998,6.0481918,Kim
595,-83.54,41.64,Alpine
596,111.1682495,-6.6664588,Bashford
597,8.538367,47.376817,New Castle
598,13.2923232,4.9224556,Bartelt
599,-111.99,40.7,Tony
600,114.5356247,48.0951271,Swallow
601,21.6149393,51.8971987,Parkside
602,121.022408,14.6639812,Mayer
603,18.3894128,49.8309961,Quincy
604,29.5774616,-2.4706347,Sheridan
605,111.046,-6.7618,Grayhawk
606,89.3701078,24.8435589,Eagle Crest
607,23.2587992,-14.4076036,Maple
608,113.73422,-7.04486,Hoffman
609,-68.5634682,10.1558257,Gulseth
610,19.4883692,51.167963,Kensington
611,112.378894,40.761653,Cottonwood
612,19.9437314,40.7086377,Wayridge
613,124.4870869,6.0593972,Ruskin
614,125.6478189,-9.0020538,Kings
615,34.2810541,-12.9316863,Fulton
616,27.8338499,54.4225141,Raven
617,32.7362252,59.9506531,Lerdahl
618,-87.6568799,14.279014,Montana
619,-73.36585,45.08338,Summit
620,-47.368765,-23.0432476,Packers
621,111.6198661,-6.7050629,Bartillon
622,-49.1743626,-26.7376205,Westridge
623,68.3670494,40.8955806,Northridge
624,104.627636,30.128901,Bluejay
625,120.772494,30.044164,Fisk
626,13.0544185,9.9004655,Burning Wood
627,24.802714,40.981773,Warbler
628,13.2894368,-8.8399876,Glacier Hill
629,-41.0484428,-21.6368446,Dexter
630,117.365052,25.941937,Lakewood
631,35.33345,32.97746,Golf View
632,-75.275171,10.444021,La Follette
633,92.368911,30.662051,Canary
634,110.6527,26.042443,Havey
635,106.809489,24.686644,Barby
636,60.5063547,55.6246827,Badeau
637,37.5454589,36.1722416,Talmadge
638,18.8632124,52.1899235,Red Cloud
639,-7.2170293,41.0672146,Pearson
640,120.4936932,15.9385737,Cordelia
641,120.5307881,0.7821696,Clyde Gallagher
642,23.4486395,38.4791344,Dayton
643,15.196697,60.1536833,Sachs
644,23.1251092,43.2370452,Longview
645,65.628237,62.5465831,Elmside
646,12.5444055,55.6780762,Grasskamp
647,-57.776161,-17.80257,Thompson
648,-46.8422385,-23.006144,Daystar
649,-149.3081197,-17.6809984,Columbus
650,23.3517478,52.5139674,Elmside
651,8.3073813,50.7218455,Thackeray
652,95.5066242,18.4931618,Mccormick
653,115.182134,23.63841,Prairie Rose
654,116.260921,40.039342,Dawn
655,-74.9438915,10.9819737,Bluejay
656,52.9958953,56.5614229,Transport
657,15.0249601,50.9666323,South
658,17.7192104,43.1097139,Kings
659,113.8911914,-8.1022828,Drewry
660,109.327018,41.326318,Weeping Birch
661,111.439528,36.457599,Monica
662,112.358062,-7.504714,Summerview
663,124.7798258,8.7504833,Del Mar
664,3.9470396,7.3775355,Stone Corner
665,35.303546,32.699635,Hermina
666,-61.7487996,12.0560975,Division
667,30.4896784,60.3428116,Talmadge
668,14.0180996,50.1269792,Lukken
669,123.2812562,-8.2837447,Fairview
670,117.419998,25.290184,Knutson
671,107.6984879,14.7043324,Village Green
672,106.653158,35.218292,Loftsgordon
673,115.2096864,-8.6738819,Morrow
674,130.6358305,32.968121,Lakewood
675,116.416357,39.928353,Sachtjen
676,107.36884,34.472679,Carey
677,20.6717224,52.4402961,Eliot
678,124.1228,48.8602,Shoshone
679,40.6005314,44.9921453,Warner
680,110.464464,28.998299,Monterey
681,118.892085,31.32847,Lakewood
682,-8.6380475,40.6394384,Florence
683,123.3996176,9.8769686,Clemons
684,105.5230659,32.2875125,Becker
685,53.4284076,27.8827043,Pawling
686,102.0032957,12.647214,Amoth
687,121.010151,14.6425547,Lakewood Gardens
688,22.0309456,43.2270564,Manufacturers
689,-50.1626664,-27.574998,Darwin
690,-113.41857,49.71671,Helena
691,-99.1324282,19.5037694,Prairie Rose
692,106.7441048,-6.5504395,Spohn
693,35.225489,32.703801,Bluejay
694,107.8361732,-7.0186412,Vahlen
695,125.8192698,7.4175054,Fremont
696,3.556485,46.349041,Nobel
697,-68.1435063,47.0203676,Pine View
698,54.5367341,54.5815949,Garrison
699,133.0448635,42.9285549,Scott
700,110.6794676,-7.8136774,American
701,5.8827648,49.7314687,Dottie
702,4.7270746,52.6435136,Farragut
703,37.6076437,55.1653099,Red Cloud
704,-62.0458106,9.0691769,Express
705,109.167435,35.119385,Hanson
706,140.4108333,8.1333333,Sommers
707,-40.2509918,-15.2475119,Clyde Gallagher
708,20.7477906,45.1099868,Prentice
709,-54.4801558,-27.8706817,Loeprich
710,128.281906,0.400097,Del Sol
711,15.2702996,50.3308509,Aberg
712,101.756785,36.627577,Sunbrook
713,100.647812,13.8038957,Badeau
714,123.3262483,10.335192,Golf
715,-78.948623,-4.0620941,Mallard
716,-70.4047314,18.9337202,Laurel
717,12.1438774,57.9642094,Karstens
718,-86.6736997,14.6322366,Bartillon
719,89.8984508,22.9073374,East
720,24.3031958,40.8385582,Hoepker
721,70.8264733,50.8476148,Morningstar
722,120.008307,36.077544,Rigney
723,121.0331004,14.4783119,Moland
724,129.1142915,37.5247192,Scoville
725,116.3958807,39.9416682,Crest Line
726,106.3869,-6.6224,Browning
727,30.1044288,-1.9705786,Golf Course
728,12.2573683,57.0973349,Nancy
729,20.6527992,42.3998287,Elmside
730,-5.24798,34.94873,Blackbird
731,15.1188883,50.1424249,Eastwood
732,106.1713267,-6.2624908,Glacier Hill
733,118.45146,35.556017,Warbler
734,100.620031,36.284107,Haas
735,112.542,-2.576499,Melby
736,-83.66,32.75,Dennis
737,128.29333,41.09028,Ilene
738,29.35628,-28.733291,Bartelt
739,-9.2518104,38.7777943,Rowland
740,-46.4617086,-23.668163,Sugar
741,-7.5572231,7.4064275,Anthes
742,140.1471983,38.0187253,Montana
743,17.1114439,60.6875251,Meadow Vale
744,18.7067796,63.3063621,Packers
745,97.008784,32.993106,Mitchell
746,128.833333,41.45,Schurz
747,36.4347173,56.5514786,Summerview
748,50.064982,36.1860016,Macpherson
749,14.707735,13.470554,Daystar
750,22.1248342,39.6077793,Melvin
751,-0.2717072,48.3606958,Dennis
752,32.7675141,50.5765673,Eggendart
753,115.099494,40.608793,Riverside
754,35.7249409,30.1926637,Bartelt
755,-105.46788,51.66677,Blackbird
756,6.568907,46.068811,Carey
757,37.5826719,55.662882,Sycamore
758,33.279292,45.1589174,Michigan
759,114.498761,37.444498,Hovde
760,19.7563286,45.2494149,Boyd
761,20.4747022,54.9562342,Tennessee
762,48.5330218,37.6205429,Kim
763,-44.8256777,-20.6984299,Goodland
764,-105.03443,51.85006,Arapahoe
765,-92.15,38.5,Morning
766,-71.437354,-41.172184,Kings
767,65.6639904,29.002602,Nevada
768,18.0590482,59.3164285,Hermina
769,120.4222511,16.0768029,Northport
770,104.045346,30.643939,Schmedeman
771,-100.4277766,25.8007724,Chinook
772,16.1463317,29.1560917,Fairview
773,-4.9221114,12.8371919,Mcguire
774,34.2826,31.25997,Old Shore
775,-8.2430831,41.2476037,Bonner
776,94.43722,31.83889,Schurz
777,30.6057342,-29.0748919,Eggendart
778,121.7423434,-8.7318869,Iowa
779,173.138978,1.386973,Artisan
780,108.1682147,-6.7654544,Jenifer
781,-8.7426101,39.4723517,Monica
782,-8.5893138,41.4472964,Stone Corner
783,117.4086488,-0.3662126,Hovde
784,-58.5941325,-34.6353335,Dixon
785,130.7171244,33.6883392,Superior
786,114.886335,40.767544,Huxley
787,113.0126011,22.9550072,Lake View
788,132.6146565,33.24846,Kipling
789,20.3351033,67.8256178,Packers
790,10.6771005,59.9428184,Jackson
791,23.78729,38.12723,Brentwood
792,68.4829804,40.1315199,Lakewood Gardens
793,66.2724183,39.8971627,Quincy
794,104.1948978,56.6175886,Daystar
795,5.3129931,60.552049,Hoepker
796,46.3568418,39.2687372,Havey
797,-82.3343375,23.018033,Weeping Birch
798,98.854532,25.843691,Glacier Hill
799,35.20184,32.4438,Hintze
800,-0.8106708,45.2384571,Forest Dale
801,17.2802878,48.8818933,Towne
802,21.14379,49.830017,Corscot
803,23.9240625,63.8898032,Pond
804,115.1177654,-8.3941828,Nova
805,-9.0940605,38.5642115,Northfield
806,97.2005806,3.8149378,Lighthouse Bay
807,44.3714277,40.3510997,East
808,101.765843,36.628305,7th
809,36.61247,36.13848,Independence
810,44.994265,44.3239335,Scoville
811,19.68083,40.87194,Coolidge
812,-6.5730004,31.9649107,South
813,3.5276642,45.521519,Onsgard
814,136.6447089,35.3078775,Utah
815,39.1184143,51.0762426,Hazelcrest
816,100.901604,12.6836578,Summer Ridge
817,109.826069,-7.2171628,Mcguire
818,0.5399323,49.3157944,Esker
819,106.7742047,-6.7653704,Sauthoff
820,112.616612,26.888665,Warbler
821,120.318178,30.699176,Luster
822,38.1239492,10.1769828,Gerald
823,112.7032945,-7.9675395,Pearson
824,40.0785154,48.0158297,Eagan
825,-56.1494143,-21.4803962,Sunnyside
826,118.190467,26.170171,5th
827,115.445538,23.797309,Starling
828,57.7549537,58.5735318,8th
829,14.6607051,50.1336212,Lyons
830,140.6689995,-2.5916025,Sachtjen
831,122.258933,7.3042466,Vahlen
832,-8.5349198,41.2378592,Crownhardt
833,69.1173623,34.5107638,Division
834,126.54756,40.99629,Pond
835,123.0649,-8.4071,Dakota
836,125.0036133,11.1802962,5th
837,106.8002861,-6.2917388,Havey
838,113.5516516,-8.2174219,Little Fleur
839,47.0875045,-21.4546147,Lawn
840,113.121435,23.021478,Fairview
841,120.86667,15.26667,Badeau
842,18.0760798,59.3125021,Oxford
843,116.512037,29.204461,Ramsey
844,121.9387783,-10.5398609,Trailsway
845,17.8170502,59.4380021,Truax
846,111.4253892,-7.9110809,Holy Cross
847,109.374802,0.556948,Vahlen
848,56.3724781,57.7297471,Eggendart
849,95.1797058,19.3228423,Maywood
850,3.5567339,50.5474037,Cascade
851,85.0828553,52.307093,Miller
852,108.6591293,-7.40638,John Wall
853,-84.102054,9.90299,Ryan
854,107.518847,26.259427,Bashford
855,113.2558405,23.1451405,Menomonie
856,132.7021114,33.7622962,Dixon
857,123.41496,13.420533,Surrey
858,113.641688,28.168791,Hansons
859,112.141238,27.432184,Oneill
860,-44.813111,-1.8867371,Merrick
861,99.840576,19.9104798,Nancy
862,21.2523841,51.3106091,Prentice
863,28.0823146,49.3230985,Butternut
864,130.4103077,32.5539412,Browning
865,26.0634602,52.1124967,Crescent Oaks
866,110.496593,24.77848,Weeping Birch
867,101.6811249,3.1398297,Forest Dale
868,116.70345,23.365556,Schlimgen
869,48.0510871,29.2979895,Thompson
870,-56.73246,-25.53599,Beilfuss
871,-8.4841515,41.418695,Twin Pines
872,106.9233176,-6.9324984,Menomonie
873,112.071813,30.044835,Lukken
874,108.7437098,-7.428179,Northfield
875,54.8619269,55.4787765,6th
876,107.7843483,-7.0631844,Loomis
877,87.5395855,42.5246357,Alpine
878,132.8288963,42.8043197,Tennyson
879,108.7660364,-7.5153339,Canary
880,15.53798,51.56696,Coolidge
881,120.415017,28.880153,Bashford
882,34.2747004,-0.0998238,Surrey
883,23.9736471,50.0588756,Pepper Wood
884,-48.9110606,-20.7371116,Leroy
885,46.4583999,57.3725,Arapahoe
886,29.222313,52.0322082,Sachs
887,38.5734956,54.8539133,Summer Ridge
888,-65.004236,-31.7387876,Duke
889,120.5657329,15.1650908,Dorton
890,-74.9442585,7.7526495,Bunting
891,20.1353402,49.7287057,Bunting
892,17.876832,49.2809997,Cody
893,-73.9284855,45.7013243,5th
894,44.5841127,40.0179745,Del Sol
895,-1.5411258,47.2014677,Lindbergh
896,144.7651497,13.4767279,Warbler
897,103.40391,3.9671435,Donald
898,26.77027,-27.9699645,Charing Cross
899,111.910516,-8.2840556,Johnson
900,113.4073,-8.2794,Delaware
901,-1.6029573,48.8331738,North
902,142.0144982,46.946681,Maple
903,72.6661867,30.7361622,Grasskamp
904,-91.16667,14.41667,Granby
905,120.806198,-8.817396,Manley
906,48.3896404,40.5742298,Merrick
907,-99.1395519,19.4146406,Northland
908,48.0753917,29.3180299,Pepper Wood
909,122.6495332,7.847962,2nd
910,-76.601273,-10.10712,Merchant
911,-8.6888467,39.6352297,Kensington
912,18.4660353,49.8564201,Namekagon
913,-69.9661586,-14.1254679,Hermina
914,108.366667,-7.633333,Riverside
915,112.7975,-8.0321,Sachtjen
916,48.8875486,31.5825784,Atwood
917,117.365052,25.941937,Crowley
918,106.7567589,-6.2649072,Michigan
919,23.879755,54.9082369,Sachs
920,104.6354631,10.3043903,Eastlawn
921,111.69805,23.646106,Elmside
922,19.0193063,54.0433255,Forster
923,18.0933139,49.8635922,Meadow Ridge
924,19.9682943,40.4189904,Oakridge
925,113.2505612,-8.2632302,Forest Run
926,-51.7176899,-17.8907823,4th
927,111.012675,22.0462137,Grover
928,121.609938,37.033243,Vermont
929,106.8002861,-6.2917388,Haas
930,-88.0350859,15.5724296,Mcguire
931,-39.0300323,-16.2768187,Acker
932,4.2552114,45.521777,Tennyson
933,-78.1350635,-6.9415153,6th
934,-41.9091561,-20.652053,Walton
935,-84.5169757,42.7376689,Northwestern
936,12.5097274,41.8977003,Lillian
937,48.9718588,39.5779145,Eastwood
938,23.9749999,55.2884444,Granby
939,29.83333,46.23333,Rockefeller
940,91.6383629,55.3863814,Acker
941,36.8430918,53.4405231,Hayes
942,58.9860021,53.4116818,Spenser
943,125.6472799,7.1071694,Little Fleur
944,19.641646,39.7538282,Clove
945,37.6941279,54.4808396,East
946,28.0892299,54.0297214,Norway Maple
947,113.5883876,23.0604451,Towne
948,-64.1108167,-32.1748082,Kensington
949,24.8652145,42.0160888,Bowman
950,25.3548713,13.6197501,Mcguire
951,22.2731105,61.2022597,Welch
952,-60.129002,-22.65053,Green Ridge
953,-101.694732,21.1078535,Daystar
954,37.4008401,55.9100899,Mayfield
955,116.409549,40.214408,Mariners Cove
956,100.41617,37.22317,Vidon
957,-58.4973437,-34.5261401,Alpine
958,33.8425243,-8.8221596,Lyons
959,103.796167,25.489999,Heffernan
960,65.8835448,56.8881364,Chinook
961,17.4116835,45.8060242,Fordem
962,108.8343538,-7.1697343,Macpherson
963,-69.3667194,-15.0139992,Burrows
964,-58.5521828,-34.5377407,Granby
965,7.0498442,4.815554,Kensington
966,104.5,44.1666669,Continental
967,120.752481,31.654375,Kensington
968,43.1270513,44.0300904,Sheridan
969,22.9827384,39.3704516,Erie
970,10.2852532,6.2820276,Waubesa
971,-58.4654718,-34.6107923,Barnett
972,-71.8121012,45.1306898,Florence
973,32.6130851,51.5542766,Warbler
974,119.196466,32.501495,Hoffman
975,108.7927679,-6.8843479,Miller
976,109.690434,20.953123,Northfield
977,114.1250349,22.5763579,Express
978,110.201664,20.011946,Clemons
979,16.4712058,63.5239965,Duke
980,138.0803529,-4.269928,Prairieview
981,-103.427389,20.7595709,Granby
982,108.260701,25.525292,Glacier Hill
983,113.732809,39.672791,Jenifer
984,121.1252136,5.9691815,Veith
985,108.230338,-7.3251615,Glacier Hill
986,31.3198491,-14.2412572,Myrtle
987,82.63142,41.356361,Messerschmidt
988,151.188577,-33.93274,Hudson
989,118.486745,31.540397,Meadow Vale
990,113.6216667,22.7694444,Dottie
991,15.4908263,50.2415017,Swallow
992,-76.3984537,-12.9406805,Warrior
993,140.5161464,9.762345,Dexter
994,-9.7850991,52.1058991,Hoard
995,44.0036677,56.2835999,Acker
996,59.970317,57.9258984,1st
997,23.9117575,47.9848822,Texas
998,111.656407,28.133945,Kropf
999,2.3501981,48.8693156,Norway Maple
1000,119.9712651,16.1867243,Autumn Leaf
1001,10.7238762,59.93387,Valley Edge
1002,15.0909889,45.9769612,Dunning
1003,112.044491,22.915094,Ridge Oak
1004,28.3578828,11.7315405,Johnson
1005,4.343135,43.8177168,Manitowish
1006,121.0215733,14.5694082,Novick
1007,46.109699,-16.67787,Norway Maple
1008,37.5826719,55.662882,Nova
1009,89.498216,29.131627,1st
1010,-58.8423829,-34.6961915,Dahle
1011,2.8002946,47.3591366,Porter
1012,98.8426483,55.0764307,Rigney
1013,-79.002342,-8.1637036,Tennessee
1014,31.4620967,30.6183919,Packers
1015,17.1711587,60.6717958,Pierstorff
1016,-0.7467014,48.804517,Maryland
1017,13.6405292,45.4698284,Summit
1018,112.132488,34.728584,Washington
1019,115.5325797,-8.4765241,Granby
1020,34.835226,32.084932,Cambridge
1021,18.0785342,49.7234162,Blackbird
1022,128.8760574,37.751853,7th
1023,95.0702794,21.3394161,Vidon
1024,-94.6331656,17.9898675,Monterey
1025,27.4572059,52.7312889,Brown
1026,32.6770961,48.7192002,Pleasure
1027,110.70434,29.26008,Dovetail
1028,-74.023193,-12.95689,Farwell
1029,113.7870822,-8.4412858,Butterfield
1030,121.472429,31.191952,Carpenter
1031,110.3592495,-7.8100327,Vermont
1032,120.3435365,16.4336105,Schiller
1033,115.180023,-8.4378527,Cascade
1034,-67.4324153,48.465994,Elgar
1035,-72.233418,9.0578504,Cambridge
1036,-99.1732936,19.602311,Magdeline
1037,87.3214908,26.9834552,7th
1038,34.8557117,51.4523697,Londonderry
1039,116.3152113,39.9380845,Victoria
1040,-60.6916164,-32.972878,Towne
1041,-124.01982,54.01657,Cardinal
1042,-90.2481337,32.2539326,Twin Pines
1043,113.269441,26.709056,Mosinee
1044,121.918866,-8.5476223,Muir
1045,-54.8731219,-29.1051592,Meadow Vale
1046,68.5962593,37.5940751,Redwing
1047,113.543784,22.265811,South
1048,121.2666702,16.5,Gulseth
1049,29.2407915,48.401643,Havey
1050,120.855089,30.397162,Pierstorff
1051,104.7345937,16.7137921,Moulton
1052,13.5494757,-12.4211276,Sachtjen
1053,117.523761,37.452432,Dwight
1054,33.2526635,49.783653,Hooker
1055,27.4312339,53.7815116,Shasta
1056,25.3425332,53.0131368,Summer Ridge
1057,39.06949,45.0058742,Ridgeview
1058,106.2345633,15.1766973,Iowa
1059,44.3907546,40.0911416,Autumn Leaf
1060,-7.632555,33.6086342,Red Cloud
1061,79.9088564,37.1212974,Browning
1062,104.677091,30.108216,Anthes
1063,7.605638,6.3324473,Starling
1064,10.3525964,12.289736,Sugar
1065,114.9181,-8.1947,Daystar
1066,111.656407,28.133945,Kropf
1067,51.1985113,43.6410973,Bashford
1068,113.7216313,-8.0038635,Stephen
1069,-25.4345063,37.7157269,Maryland
1070,18.0615388,59.3145841,Marquette
1071,16.2368405,46.254048,Longview
1072,44.1463438,54.8583596,Vera
1073,119.28827,27.048088,Briar Crest
1074,-47.2142417,-6.8370422,Randy
1075,120.2858846,23.5958633,Killdeer
1076,33.4215334,35.1000306,Mallory
1077,-77.32901,-8.371078,Cordelia
1078,102.267712,27.88157,Lien
1079,15.5846313,44.1509604,Eastlawn
1080,53.0252053,57.6294504,Bluejay
1081,138.4400063,34.998592,Ohio
1082,121.2462166,14.0651123,Badeau
1083,113.7870822,-8.4005782,Macpherson
1084,20.8378422,49.9579835,West
1085,39.453159,-6.361128,Shelley
1086,-39.1959729,-15.2090734,Brickson Park
1087,122.5024428,10.6993883,Dapin
1088,14.271615,55.9858675,Oakridge
1089,-80.04928,40.5053499,Pearson
1090,-76.2609463,-6.5801079,Gerald
1091,109.3656914,24.3154419,Thompson
1092,9.6870459,4.6376919,Saint Paul
1093,79.8919811,6.9342148,Oak Valley
1094,-79.0552494,-8.0580651,Grover
1095,30.1310853,49.7967977,Maple Wood
1096,119.64519,31.634971,Dahle
1097,-85.454983,10.142762,Northview
1098,-43.7334089,-22.5284121,Hansons
1099,106.8448686,-7.040572,Farmco
1100,120.6190252,17.622182,Stuart
1101,6.8954592,52.211713,Grayhawk
1102,112.64751,33.253142,Namekagon
1103,-8.8608907,37.9571555,Arapahoe
1104,-64.1257463,-31.4411018,Oriole
1105,117.3616476,39.3433574,Morningstar
1106,47.3722118,54.2907459,Bellgrove
1107,-102.3342182,21.2350622,Clyde Gallagher
1108,72.4275483,31.8917453,Dorton
1109,71.513917,43.0052216,Rigney
1110,-71.4438761,-15.3471443,Brentwood
1111,-46.3264089,-23.9561304,Moose
1112,112.649662,-7.9553448,Graedel
1113,120.4557309,17.1056791,Farwell
1114,-7.8725232,40.6945206,Service
1115,2.1570562,48.9378251,Glendale
1116,47.5914122,-23.3505295,Manitowish
1117,139.250061,36.2656673,Summerview
1118,-91.0759758,30.3859766,Prairieview
1119,116.989574,39.886547,Goodland
1120,-8.8562835,53.510243,Park Meadow
1121,2.511999,43.7441795,Everett
1122,-35.9369952,-8.5769332,Utah
1123,-8.9867334,38.6223709,Mcbride
1124,108.957345,19.238934,Merrick
1125,-64.442428,-32.232355,Clarendon
1126,50.534262,26.1226062,Algoma
1127,117.3247325,34.16171,New Castle
1128,-48.6357235,-26.9845585,Loomis
1129,120.101436,12.192604,Vera
1130,123.540401,10.122667,Pepper Wood
1131,107.5889804,-6.8646647,Mockingbird
1132,126.207415,8.417766,Prairie Rose
1133,126.100213,47.59585,Warbler
1134,-0.7467014,48.804517,Carey
1135,121.790282,37.175532,Bunting
1136,105.6603149,21.0877573,Bartelt
1137,123.2989088,9.492846,Morningstar
1138,112.225334,22.69569,Victoria
1139,44.6590356,41.0911538,Chive
1140,112.4827889,-8.0770577,Golf View
1141,14.5276579,59.7714743,John Wall
1142,113.518911,23.082498,Nevada
1143,-8.2111164,37.0901727,Jenifer
1144,-76.235361,3.3213339,4th
1145,49.0943433,32.3295438,Vernon
1146,-80.4215246,7.3889508,Mesta
1147,104.785208,36.730837,Evergreen
1148,12.2400678,45.469429,Hayes
1149,111.7465609,-6.7757862,Loomis
1150,108.8076195,23.7247599,Leroy
1151,26.77027,-27.9699645,Forest Run
1152,12.0793963,57.7330292,Fulton
1153,48.1941426,42.1090506,Huxley
1154,118.268101,31.219568,Milwaukee
1155,-58.5657324,-34.66144,Michigan
1156,30.1011836,-4.5702358,Sauthoff
1157,120.3320195,22.9637053,Elgar
1158,38.4534461,15.7800173,Birchwood
1159,-75.4985521,6.323976,Oak Valley
1160,121.0247172,14.5697565,Jenna
1161,129.1142915,37.5247192,Becker
1162,-73.3767641,-13.6616515,Pleasure
1163,92.051239,31.476202,Brown
1164,120.3608455,-9.7262368,Sunfield
1165,123.6666432,10.1253323,Mayfield
1166,-35.3288131,-5.7852461,Caliangt
1167,6.7815237,4.6845489,2nd
1168,105.4495395,9.5713437,Esch
1169,106.1110501,21.121444,Londonderry
1170,-7.460117,40.3106587,Manley
1171,121.4870071,31.2971634,Northfield
1172,113.791708,26.948759,Delladonna
1173,-51.99249,-29.5137043,Walton
1174,16.1858857,56.6306408,Myrtle
1175,104.46797,31.617202,Kingsford
1176,128.0324209,46.986639,Autumn Leaf
1177,101.765843,36.628305,Bobwhite
1178,3.8861843,50.6302806,Sloan
1179,88.3929616,24.4314126,Hauk
1180,-65.1610557,9.9399061,Granby
1181,114.441285,34.756916,Novick
1182,105.220236,31.029897,Debs
1183,101.266195,26.629211,Lakeland
1184,-15.3980224,28.00872,Northland
1185,86.02293,51.400458,Shasta
1186,20.5826261,-33.2307354,Express
1187,100.5692601,13.7315145,Hayes
1188,119.8410174,-3.9461346,Riverside
1189,-53.7365827,-24.7289094,Welch
1190,-41.5612423,-20.1217728,Warner
1191,120.005147,26.885704,Briar Crest
1192,-8.6664683,39.6080157,Lawn
1193,-78.6646942,-5.9341855,Morrow
1194,106.0287512,20.8861904,High Crossing
1195,-77.9438811,-5.9285726,Colorado
1196,-1.9802013,43.3057431,Acker
1197,113.056042,23.681774,Sunbrook
1198,120.299401,30.419045,Pierstorff
1199,31.3655989,-8.8536444,Miller
1200,107.88645,25.410654,Park Meadow
1201,112.4559679,-7.0428104,Cody
1202,-75.479861,3.914099,Lakeland
1203,38.9644692,46.1327339,Tennyson
1204,112.1107297,-8.0936589,Carey
1205,-86.19,32.2299999,Corben
1206,18.6264694,7.6949299,Kropf
1207,5.8978018,43.4945737,Meadow Valley
1208,103.389346,35.663752,Northwestern
1209,25.0121584,39.5328915,Butternut
1210,110.525449,29.338873,Hallows
1211,112.36902,25.587519,Westend
1212,-70.956166,-32.8409806,Cherokee
1213,70.9293858,30.7664515,Rusk
1214,109.374802,0.556948,Vermont
1215,96.6716809,47.1117538,Beilfuss
1216,26.5126402,41.5622714,Clove
1217,106.79719,-6.6000226,Atwood
1218,81.324136,43.916823,Arizona
1219,128.601445,35.8714354,Kinsman
1220,19.894509,50.4465359,Riverside
1221,32.5037186,46.639171,Waxwing
1222,113.29083,23.1350488,Welch
1223,130.7788921,45.730664,Cambridge
1224,120.0624898,15.1163904,Northfield
1225,-69.935907,-4.203165,Hagan
1226,124.25,7.2333331,Claremont
1227,112.5639934,-6.9890654,Raven
1228,29.7999327,48.9965372,Basil
1229,64.0818612,45.4852437,Swallow
1230,-48.5482195,-27.5948698,Lukken
1231,118.963532,25.867277,Old Gate
1232,115.1533426,-2.1110964,Oneill
1233,113.273288,23.157289,Sycamore
1234,138.9363063,35.0725969,Kipling
1235,73.7631135,43.6051078,Rigney
1236,38.2899306,53.9559626,Mockingbird
1237,90.144596,46.06257,David
1238,84.252156,41.777702,Gateway
1239,31.7313223,-12.743858,Kinsman
1240,120.415017,28.880153,Sunnyside
1241,-118.3089341,34.0625448,Prairieview
1242,-44.9693894,-22.573256,Hoepker
1243,18.0933139,49.8635922,Marcy
1244,73.07115,5.1053,Anhalt
1245,105.6791207,19.8829688,Nancy
1246,22.4674999,50.242123,Cambridge
1247,25.6100339,57.331693,Nobel
1248,108.3652973,-7.1841565,Westport
1249,123.7669004,8.5531389,Maywood
1250,33.6950887,57.8702991,Daystar
1251,9.1776059,49.1376432,Holy Cross
1252,120.947095,14.709034,Hoard
1253,32.3018661,31.2652893,Graedel
1254,18.9477092,49.9857805,Thackeray
1255,112.1666667,35.2,Meadow Ridge
1256,24.4054988,53.2833165,Service
1257,-91.7660525,17.7409147,Westerfield
1258,112.7479862,-7.2087854,Butternut
1259,121.0504535,14.3679657,Hauk
1260,37.2052788,54.875414,Merry
1261,-78.5185197,-6.5139395,Westridge
1262,8.8803925,6.2894715,Hoffman
1263,-95.3632107,29.7491757,Golf View
1264,118.630289,24.737065,Superior
1265,-99.1789859,19.4281922,Loomis
1266,98.668662,3.592116,Hovde
1267,87.5395855,42.5246357,Bultman
1268,107.682455,26.303854,Division
1269,12.0204247,31.9584113,Kingsford
1270,17.3960222,50.2637942,Granby
1271,120.0339797,29.2997574,Manufacturers
1272,-44.2515505,-19.4545276,Hintze
1273,15.6745822,45.7676321,Dorton
1274,-8.228543,41.1217553,Dapin
1275,-79.5434841,9.165288,Stoughton
1276,-43.2209394,-22.9841765,Vermont
1277,120.488576,16.044749,Walton
1278,-7.8160659,40.7339545,Sunnyside
1279,28.8363647,49.7149346,Clemons
1280,-64.2951643,-31.3350093,Dakota
1281,122.5306125,10.7521356,Thackeray
1282,2.9802744,45.1238884,Talmadge
1283,122.5157661,10.769542,Sunfield
1284,9.9101915,36.3778012,Continental
1285,60.5008307,37.3743044,Heffernan
1286,37.0642852,49.3996493,Delaware
1287,22.9286014,37.8967329,Stang
1288,-71.831932,19.3789666,Magdeline
1289,121.0410861,15.6540915,Eliot
1290,79.8986552,7.0878808,Brown
1291,-61.3552089,45.6152297,Barnett
1292,114.9042208,27.0874564,Kinsman
1293,-77.069999,-12.0904353,Pond
1294,18.0099272,59.3634364,Mandrake
1295,-77.1449212,-10.0745443,Grover
1296,108.715716,34.313074,Victoria
1297,13.4915324,49.7923299,Coleman
1298,35.1599957,32.9520318,Little Fleur
1299,39.5691841,-10.7385515,Hermina
1300,132.6048622,33.4547821,Cottonwood
1301,113.300929,22.465063,Lerdahl
1302,45.4592782,39.6941363,Wayridge
1303,121.699742,16.563709,Butternut
1304,12.7110264,56.0394628,Bonner
1305,28.7657722,46.9656528,Kropf
1306,113.034187,22.4583,Anhalt
1307,40.1445151,59.4051145,Talmadge
1308,13.1609554,56.1304492,5th
1309,20.2459993,51.7667457,Shopko
1310,121.510481,14.1858094,Scofield
1311,175.3010644,-40.4824138,Cottonwood
1312,102.904318,24.674624,Aberg
1313,-61.125756,13.2570942,Grayhawk
1314,2.2159905,44.7535743,2nd
1315,24.9756208,62.443933,American
1316,112.6079459,-7.3445521,Namekagon
1317,140.0905156,38.2020764,Arizona
1318,130.274684,47.31878,Dwight
1319,123.0649,-8.4071,Badeau
1320,106.9222137,-6.2969238,Valley Edge
1321,112.0744643,-8.2412718,Thackeray
1322,109.026675,23.48193,Carey
1323,12.5366206,55.6755324,Sage
1324,114.174463,22.279062,Upham
1325,104.412274,23.945891,Westend
1326,112.896606,23.156045,Spohn
1327,118.784812,30.921373,Debs
1328,-113.33531,53.83345,Reinke
1329,-0.8494862,47.0682122,Bluestem
1330,106.73333,48.63333,Roth
1331,-97.6222665,35.3364517,Pawling
1332,-9.3381698,38.7025085,Holy Cross
1333,48.2244268,-18.9489026,Carberry
1334,119.141473,28.074649,Jenna
1335,141.541259,38.8948713,Sundown
1336,143.6474817,-6.1493907,Superior
1337,120.9814426,13.8206796,Cascade
1338,3.9727365,50.2748915,Sugar
1339,59.6665153,42.1261418,Hallows
1340,34.905759,31.375657,Veith
1341,123.5336078,-10.2674627,Saint Paul
1342,-79.7904475,-6.6382226,Hovde
1343,17.3802606,50.5982316,Texas
1344,106.057816,35.067361,Lakewood Gardens
1345,121.668489,42.016401,Namekagon
1346,-42.9146039,-21.9953615,Nelson
1347,106.635025,-6.5978669,Nevada
1348,111.7018452,-8.2702492,Mccormick
1349,-66.8498883,10.6135398,Veith
1350,23.8790184,38.0987438,Park Meadow
1351,16.136353,53.068264,Union
1352,41.7123719,57.8773671,Randy
1353,109.9081382,-7.7308816,Shasta
1354,-58.4176515,-34.6156429,2nd
1355,69.590101,42.3416847,Main
1356,106.4563567,-6.3034502,Cascade
1357,34.97298,32.762127,Pearson
1358,-66.3381678,-33.2843846,Beilfuss
1359,-71.4408752,-33.0482707,Ilene
1360,3.9368439,7.8429579,Clemons
1361,20.9789037,49.8381802,Melby
1362,125.0332235,11.0537247,8th
1363,114.236875,22.556499,Gulseth
1364,119.8492473,4.8980694,Banding
1365,16.5787482,49.2914367,Waywood
1366,14.496875,59.3112521,Fremont
1367,68.44972,32.85355,Laurel
1368,129.9478595,32.851086,Algoma
1369,-56.0222113,-24.7406868,Fairview
1370,86.4794359,26.7297141,Cascade
1371,25.5080144,64.9099021,East
1372,100.324002,13.5936254,Golf
1373,107.5193473,-6.8561144,Granby
1374,90.4125181,23.810332,Killdeer
1375,-93.6001191,17.9719887,Lake View
1376,-91.0894479,15.2881534,Lakewood
1377,113.459749,23.106401,Fulton
1378,35.10999,32.297028,Hermina
1379,17.4746428,48.9763601,Buell
1380,29.4885599,59.4430147,Hoepker
1381,-81.4633516,41.0285407,Hintze
1382,108.6747,-7.5208,Summit
1383,-56.4488086,-30.3845133,Randy
1384,-61.5340396,16.2413934,Gateway
1385,98.3337983,7.9107391,Village
1386,-77.3956004,44.165829,Sloan
1387,118.75868,30.940195,Morning
1388,119.4717,-9.7028,Coleman
1389,120.2822878,16.012494,Messerschmidt
1390,-70.7490939,18.9120012,Amoth
1391,110.2579036,-6.9484206,Waxwing
1392,-50.5549719,-20.6336382,Meadow Valley
1393,16.2239747,59.0110968,Mifflin
1394,-71.831932,19.3789666,Delladonna
1395,-9.268126,38.7336567,Laurel
1396,120.506155,37.540621,Moulton
1397,12.0134068,57.6613265,Independence
1398,14.5391653,46.2052815,Gale
1399,121.6539966,18.1590139,Chive
1400,124.25,7.2333331,Springs
1401,121.529927,29.916694,Stoughton
1402,93.25,46.6666667,Tony
1403,-8.5055146,30.5395376,Memorial
1404,114.562955,24.364134,Dryden
1405,66.6348007,30.7919022,Elgar
1406,34.7548713,47.8172631,Dennis
1407,-72.4519727,48.6513092,South
1408,-8.0644068,37.5096505,Dahle
1409,91.677053,32.265208,Glacier Hill
1410,112.0237903,-7.2030729,Banding
1411,-36.6602483,-6.6858425,Rieder
1412,-77.1086041,38.8807023,Scoville
1413,-10.7605239,6.2907432,Veith
1414,136.7095801,37.165779,Sage
1415,116.681972,23.354091,Ridgeview
1416,-47.8847321,-22.0157824,Brown
1417,7.0552218,13.5655838,Maryland
1418,-8.2754117,41.3259342,South
1419,107.8643822,-6.765065,Sachtjen
1420,6.7898817,51.1974375,Anhalt
1421,-8.5359207,41.0394198,Blackbird
1422,-86.2945627,15.4726227,Parkside
1423,95.9383291,16.7120919,Meadow Vale
1424,90.21512,31.644875,Caliangt
1425,39.2,-7.9,Blue Bill Park
1426,-71.4091563,-14.1387292,Carey
1427,-90.5279231,14.602493,Schiller
1428,110.1209019,-7.3063645,Little Fleur
1429,18.0367294,59.3778462,Carberry
1430,-73.9830029,10.8698035,Northwestern
1431,141.3800956,38.4499141,Paget
1432,123.2854675,-8.371718,Utah
1433,61.9012109,55.2763668,Farwell
1434,113.751799,23.020673,Brickson Park
1435,13.757651,50.0461011,Florence
1436,123.3081877,13.3678344,Brown
1437,141.2405508,38.6002411,David
1438,48.6446327,53.3326761,Oakridge
1439,123.1446683,13.5438736,Lakeland
1440,108.0663,-7.0807,Milwaukee
1441,39.5186898,45.4401623,Thompson
1442,127.4460001,39.1538529,Arapahoe
1443,-78.83,42.88,Sycamore
1444,-35.4124355,-6.4472391,Shoshone
1445,14.6815528,53.6845788,Ludington
1446,33.0697214,48.2046068,Hermina
1447,18.4483763,-33.9789129,Vernon
1448,-81.6802054,27.9890156,Anthes
1449,112.83208,34.569474,Moulton
1450,35.068929,32.849276,Columbus
1451,17.9186809,52.4127967,Stoughton
1452,18.8290392,50.8598323,Everett
1453,7.0552218,13.5655838,Scott
1454,1.206057,47.6632745,Little Fleur
1455,32.9184086,34.6919356,Schurz
1456,21.9038087,50.6417502,Esker
1457,104.4490398,17.0740883,Badeau
1458,-8.7316491,39.7034754,Declaration
1459,95.5066242,18.4931618,Bluejay
1460,-25.3237615,37.8513562,Drewry
1461,89.3833329,26.966667,David
1462,21.07778,42.10333,1st
1463,99.850365,26.312444,Golf View
1464,107.159835,27.420628,Golf View
1465,31.3849652,46.8584087,Eastwood
1466,17.3224082,49.6498731,Westend
1467,118.663681,31.922974,Division
1468,-60.7032578,-32.9508446,Moose
1469,113.921327,-0.789275,Claremont
1470,-96.6565439,19.3624962,Kedzie
1471,39.0644305,55.3700696,Troy
1472,126.8308848,37.3218778,Meadow Vale
1473,39.1803741,6.9791945,Huxley
1474,117.157183,37.309045,Anhalt
1475,100.550945,25.48385,Monica
1476,-71.7889374,19.1641495,Fair Oaks
1477,30.7319718,46.4799835,Derek
1478,46.8429953,40.5851643,Oxford
1479,35.180832,32.085094,Upham
1480,112.7405377,-7.3161209,Hoffman
1481,-2.0882566,47.6519866,Glacier Hill
1482,4.8461786,52.0825062,Monterey
1483,-87.8255014,42.7333428,Goodland
1484,19.8833333,40.9166667,Corry
1485,37.6462922,55.76303,Dawn
1486,-9.1062978,38.8403484,Knutson
1487,117.377384,28.537167,Waxwing
1488,5.2527741,13.7946714,Rutledge
1489,32.4076765,48.7974097,Welch
1490,-83.5629746,41.6775685,Carpenter
1491,120.133523,32.584368,Esker
1492,-45.9795138,-20.0170955,Tennessee
1493,-72.7141496,19.9276075,John Wall
1494,114.728689,31.154122,Jana
1495,17.398111,44.1440673,Fulton
1496,111.326555,35.295007,Summer Ridge
1497,48.4631098,34.0375944,Buena Vista
1498,16.88967,54.24052,Lunder
1499,117.245497,28.292519,Oak
1500,22.2939742,54.0481202,Boyd
1501,-46.8337604,-23.2074329,Pawling
1502,7.0848063,4.7406191,Myrtle
1503,-58.7226377,-34.4765431,Old Gate
1504,114.894843,30.39194,Eggendart
1505,108.2318208,-6.9401027,Golf View
1506,109.768451,25.130594,Bonner
1507,11.9551054,57.7050333,Dottie
1508,13.6968992,45.3836941,Eagle Crest
1509,25.5701022,48.5264861,Lillian
1510,22.4952072,65.855827,American
1511,-47.7352517,-21.3407385,Esch
1512,119.382381,31.717564,Spenser
1513,35.81084,32.99941,Ronald Regan
1514,-80.1596041,-0.8406658,Grim
1515,37.4219388,55.8024235,Magdeline
1516,-97.2983363,37.7162538,Schmedeman
1517,124.1518808,9.6037331,Farwell
1518,-84.2494229,42.1142239,Manitowish
1519,119.7889248,29.1416432,Ludington
1520,-89.3904407,14.8215286,Stoughton
1521,16.9280562,49.9396574,Columbus
1522,114.033953,22.44668,Hanson
1523,125.0897383,6.2368262,Sunbrook
1524,-79.804459,9.3450522,Schiller
1525,-82.0243657,22.8429803,Bunker Hill
1526,109.5235215,24.3653152,Bellgrove
1527,-8.197896,41.150307,Arizona
1528,18.546063,57.6413494,Monument
1529,-90.761712,14.525936,Killdeer
1530,120.897694,29.987298,Old Shore
1531,122.672945,14.152911,Nelson
1532,-157.86,21.31,Melrose
1533,16.5231662,52.8517028,Monterey
1534,113.8547735,22.7100789,Schurz
1535,16.2365127,46.6079153,Lukken
1536,107.701307,25.763034,Sheridan
1537,-38.4429274,-3.9997372,Kinsman
1538,61.4273838,54.8681775,Park Meadow
1539,50.1567556,53.5087757,Ronald Regan
1540,23.2352639,38.6226736,Algoma
1541,77.37263,39.816173,Monica
1542,112.36902,25.587519,Katie
1543,-8.6218634,40.0604197,Butternut
1544,121.331694,31.238854,Killdeer
1545,18.9565781,51.8964003,Marquette
1546,110.552977,21.938596,Hooker
1547,10.1941399,9.7031412,Graedel
1548,-78.0699576,-7.5739492,Kim
1549,6.4903141,12.8776754,Grayhawk
1550,121.1551767,14.2116743,Blue Bill Park
1551,58.2890043,35.2531076,Anniversary
1552,-46.914966,-22.6053393,Coolidge
1553,-2.114613,53.455203,Macpherson
1554,122.207215,29.985295,Melvin
1555,44.1992229,40.894048,Monterey
1556,37.6047016,55.7570915,Merry
1557,113.1122067,23.0327274,Debs
1558,-76.661598,-11.24674,Basil
1559,29.8439109,-30.031249,Melody
1560,-8.5846629,40.2252364,Clove
1561,23.78729,38.12723,Independence
1562,88.880492,29.270311,Carioca
1563,113.8153425,-7.9438473,Holmberg
1564,22.55812,62.1331515,Debra
1565,135.7636857,34.4516463,Bartillon
1566,123.5982956,13.0730815,3rd
1567,41.1512,45.0098,Porter
1568,133.75,34.275,Shasta
1569,39.7408362,52.0391192,Oneill
1570,102.1089679,21.6818943,Sutteridge
1571,39.5359498,47.2320539,Cottonwood
1572,-75.5655147,-11.3442564,Maywood
1573,-75.687434,4.392095,Mayer
1574,119.729415,29.162252,Tomscot
1575,-70.291748,19.343904,Linden
1576,-71.7711448,-17.0918434,Texas
1577,108.767747,28.841244,Morningstar
1578,-84.5484275,39.1674274,Hoepker
1579,44.5057388,-12.2446158,Sunfield
1580,2.2186743,48.7057309,Hazelcrest
1581,-8.9107106,39.7383486,Northridge
1582,100.5219418,13.9210992,Sunnyside
1583,23.7464528,37.9525906,Marcy
1584,95.0702794,21.3394161,Clarendon
1585,112.7077638,-7.340531,Morningstar
1586,116.079637,28.373163,Ramsey
1587,74.2728564,32.4289299,Roxbury
1588,117.111713,39.1945956,Lunder
1589,69.1581192,37.1228583,Heath
1590,11.43299,6.45843,Memorial
1591,85.908397,52.020802,Dunning
1592,35.3879453,53.1212988,Pennsylvania
1593,106.6939376,-7.0351794,Raven
1594,113.5282081,-7.1274078,Cardinal
1595,138.3591194,37.1518793,Shoshone
1596,-36.2196853,-10.0519585,School
1597,101.6858965,2.921263,Corry
1598,107.6363296,-6.8063294,New Castle
1599,108.650157,30.86006,Algoma
1600,12.5736491,55.6735436,Thackeray
1601,13.6652162,9.0580598,Bunting
1602,24.5743709,54.2125609,Lotheville
1603,109.752583,18.400092,Myrtle
1604,-56.3530514,-24.8472072,Stuart
1605,124.8830509,8.3793172,Rigney
1606,113.7365072,-7.9903162,Debra
1607,21.46318,52.2081565,Raven
1608,44.5139052,48.7078478,Crownhardt
1609,111.9856,-8.0146,Upham
1610,117.3028803,-8.9670697,North
1611,111.1384418,-6.7836529,Gulseth
1612,112.711668,-7.2694279,Butternut
1613,13.4263048,57.8644157,Killdeer
1614,108.4064,-7.7431,Golf View
1615,139.9177739,38.7683879,Old Shore
1616,-0.4408037,5.5300711,Ryan
1617,123.1090142,11.425041,Sugar
1618,112.5781478,-8.2247589,Banding
1619,31.1848307,30.4659929,Stephen
1620,37.8396622,44.7199081,Forest Run
1621,89.939332,43.897258,Ramsey
1622,108.0865424,-7.4903037,Barby
1623,111.962127,39.325788,American
1624,-170.6923312,-14.2795685,Tomscot
1625,21.959222,49.896245,Beilfuss
1626,121.0298199,14.5672317,5th
1627,102.990108,32.061895,Roth
1628,30.3954982,59.7959318,Sutteridge
1629,-84.0943743,9.8586845,Havey
1630,117.025537,39.478747,Columbus
1631,-8.2215941,53.0917381,Paget
1632,-39.297682,-7.22698,Dixon
1633,35.38711,32.23647,Northfield
1634,112.132488,34.728584,Corben
1635,-72.6833,-38.25,Southridge
1636,26.7290062,58.3776252,Randy
1637,113.217268,22.149009,Orin
1638,120.5350021,16.9894215,Farwell
1639,110.0181673,-7.8003628,Emmet
1640,27.993441,8.303998,Kensington
1641,100.6685901,14.3618606,Elgar
1642,37.626119,55.813957,Superior
1643,23.7851957,38.0222208,Crownhardt
1644,-9.2807646,39.2380562,Fallview
1645,26.1999237,60.6191114,Sycamore
1646,30.8139165,30.8254669,Loeprich
1647,108.6472527,-7.0773806,Morningstar
1648,118.7780987,-8.5314465,Ryan
1649,3.8502617,9.0866702,Marquette
1650,29.9899512,-3.9257199,Holmberg
1651,14.1266322,58.7075528,Hauk
1652,136.9552596,35.1973352,Kinsman
1653,139.5476397,35.6553472,Homewood
1654,2.233089,48.892701,Lawn
1655,5.9670927,49.7002226,Redwing
1656,10.4024274,63.4400274,Service
1657,10.7792426,59.9135958,Forster
1658,-47.4098328,-23.8139412,Milwaukee
1659,37.2597576,10.6794457,Bonner
1660,120.6541966,15.1422858,Cascade
1661,7.3507066,47.7489727,Bunker Hill
1662,13.393389,9.3226016,Kings
1663,-56.7075141,-34.3486042,Grover
1664,38.1642604,54.8843032,Logan
1665,113.39277,22.517585,Springs
1666,4.5805038,44.7016194,High Crossing
1667,133.0604733,33.9352916,Elgar
1668,96.884193,4.449797,Walton
1669,103.498609,34.675197,Fairview
1670,36.39359,35.36674,Randy
1671,118.180193,39.630867,Bunker Hill
1672,117.062372,27.758574,Coolidge
1673,-58.5017947,-34.6637851,Hermina
1674,123.9321966,9.9152376,Goodland
1675,108.7927679,-6.8843479,Memorial
1676,-75.761865,4.625907,Cambridge
1677,22.509917,49.8970603,American Ash
1678,-49.8197149,-22.2220229,Nancy
1679,21.6602532,63.0709556,Eagan
1680,0.7237613,45.1800316,Rigney
1681,107.4492746,-6.9662696,Express
1682,110.836537,30.60215,Meadow Vale
1683,111.877499,29.60548,Meadow Vale
1684,99.8571416,12.3958358,Canary
1685,-95.5485295,29.8743418,Towne
1686,-1.9930466,5.301832,Banding
1687,30.3464333,-2.8409385,Helena
1688,9.4144962,4.2904513,Rigney
1689,-15.412011,13.533238,Express
1690,106.8945456,-6.712398,Fairfield
1691,100.4846227,15.670299,Chive
1692,124.7681779,48.635763,Weeping Birch
1693,18.693916,45.3612879,Roxbury
1694,116.0561632,-8.351844,Michigan
1695,174.6774579,-36.881315,Ruskin
1696,-65.5108761,45.7236192,Mcguire
1697,14.2774242,49.6046109,Oakridge
1698,113.2996685,23.0668254,East
1699,139.0817124,-3.1703446,Ramsey
1700,-9.1194989,38.7908786,Debra
1701,5.8915635,52.5577627,Kennedy
1702,91.7678144,48.1735752,Erie
1703,25.9294198,43.8047536,Summerview
1704,-72.814792,6.343847,Grasskamp
1705,-86.6220546,13.3406743,Eastwood
1706,116.0761121,5.9840985,Vahlen
1707,-116.03538,50.51666,John Wall
1708,103.262152,36.733165,Elgar
1709,113.676055,28.338821,Ronald Regan
1710,99.8333333,26,Lighthouse Bay
1711,16.2620907,49.5474598,Sheridan
1712,18.9379685,52.9468825,Charing Cross
1713,110.482084,29.046809,Coleman
1714,-1.7937455,53.7832102,Quincy
1715,-79.8688837,22.6142911,Fairfield
1716,115.600976,33.226552,Randy
1717,-67.4985857,-16.8740315,Main
1718,45.7420648,43.1227567,Gulseth
1719,69.0165511,38.560256,Dixon
1720,48.5236711,55.8697739,Dryden
1721,16.6204644,43.7563619,Armistice
1722,97.801697,24.191374,Macpherson
1723,24.4054988,53.2833165,Pearson
1724,25.0792189,31.7579946,Kings
1725,107.237743,34.363184,Sheridan
1726,9.1954432,4.0224656,Jay
1727,107.905287,-7.2042488,Mayer
1728,113.87497,22.99732,La Follette
1729,-60.6869017,-32.9057716,Bartillon
1730,110.455332,21.244721,Armistice
1731,25.9053209,43.7979981,Leroy
1732,105.287612,29.339476,Calypso
1733,-9.1396466,38.6015735,Meadow Valley
1734,1.5693759,42.7981285,Pennsylvania
1735,-70.6954668,-16.8093546,Packers
1736,15.6649285,49.9470702,Kings
1737,-7.6302454,40.7003439,Sycamore
1738,2.2582125,48.8466523,Ridgeway
1739,-91.6941845,14.9326574,Thierer
1740,15.9105476,49.9594627,Acker
1741,-74.966667,-14.05,Laurel
1742,-12.4351923,8.1620514,Northridge
1743,86.1268949,55.3440711,Sutherland
1744,27.8863851,-33.0320432,Aberg
1745,-8.2760021,40.9937134,Russell
1746,-0.4601725,46.280212,Birchwood
1747,-36.6525696,-10.5224941,Glacier Hill
1748,113.2539198,23.175746,Superior
1749,10.67397,35.70915,Washington
1750,113.7632828,23.3790333,Village Green
1751,74.6291131,35.6868993,8th
1752,120.765351,14.31865,Elmside
1753,125.70083,6.14444,Novick
1754,14.2337805,-6.2694214,Monterey
1755,21.7678951,39.5557317,Annamark
1756,113.956275,25.704535,Orin
1757,116.555397,24.202112,Macpherson
1758,121.74074,17.35189,Monument
1759,30.1084033,-0.264241,Schmedeman
1760,105.8736936,20.1564917,Fieldstone
1761,-80.2711588,22.332599,Chive
1762,115.393687,26.508568,Badeau
1763,44.633383,40.2715286,Bluejay
1764,-0.922509,52.683916,Granby
1765,112.16519,21.826957,Mayfield
1766,2.3081396,49.8905368,Delaware
1767,121.137,-8.7733,Eastlawn
1768,-88.1962133,17.5045661,Meadow Vale
1769,31.4465327,49.2917766,Gateway
1770,-8.3815652,41.226934,Debs
1771,-116.80238,54.40007,Lindbergh
1772,112.453708,39.796583,Susan
1773,-8.6474423,41.5688939,Kinsman
1774,120.16366,33.347316,Havey
1775,-67.7134201,-37.7758475,Manley
1776,125.7869157,8.3910287,Washington
1777,123.236944,41.267244,Bellgrove
1778,122.838826,45.619588,Hazelcrest
1779,-58.4809081,-34.6492768,Columbus
1780,116.40605,39.900314,Londonderry
1781,116.337624,39.927987,Russell
1782,36.9433591,-0.4277809,Anderson
1783,17.9570059,59.2832062,Northview
1784,17.0877754,44.2837305,Blaine
1785,123.1606556,13.6261714,Michigan
1786,114.09199,71.96347,Oak
1787,-82.5889012,28.0003221,Schlimgen
1788,112.253935,38.677426,Fieldstone
1789,-72.9768148,45.2865242,Barnett
1790,-39.6930912,-17.8938032,Hauk
1791,18.8133859,52.856485,Hoard
1792,133.9508311,34.2872962,American
1793,171.3805,7.08931,Golf
1794,114.890194,32.979258,4th
1795,35.263935,32.033607,Basil
1796,113.576677,22.270978,Rockefeller
1797,17.0829438,58.6840661,Weeping Birch
1798,140.4069331,36.905485,New Castle
1799,127.60654,44.906512,High Crossing
1800,7.1492431,43.6777677,Independence
1801,144.7651497,13.4767279,Sloan
1802,10.2247836,50.3331127,Coolidge
1803,113.4891,-6.8989,Northridge
1804,-47.1947232,-23.5297232,Barnett
1805,4.8827921,52.3612714,Hallows
1806,109.471802,-6.97632,Bunting
1807,9.660661,7.906903,Blackbird
1808,-113.9428983,49.495739,Bluejay
1809,37.6912329,54.194145,Sherman
1810,87.2120599,27.392669,Stone Corner
1811,5.8978018,43.4945737,Prairie Rose
1812,33.1492106,0.4263679,Buhler
1813,114.498761,37.444498,Fairview
1814,61.7593478,56.7423811,Lunder
1815,121.7587348,16.9334683,Chinook
1816,26.1741559,61.2318649,School
1817,115.6141801,-8.4105413,Eagle Crest
1818,106.8974964,-6.5092532,Eagan
1819,100.611156,13.60864,Buhler
1820,109.3781809,34.0506434,Butternut
1821,28.8716267,46.9962539,Hanover
1822,2.7425682,50.2837307,Meadow Ridge
1823,121.3216161,14.0042175,Sullivan
1824,106.614063,38.645085,Eagan
1825,-55.2590707,-25.4302418,Meadow Ridge
1826,103.064018,31.421061,Declaration
1827,5.970378,47.304702,Thackeray
1828,123.345085,7.516342,Warner
1829,-0.2717072,48.3606958,Hollow Ridge
1830,10.8620804,36.5806067,Talisman
1831,112.0178286,-7.8480156,Eagan
1832,123.696241,40.188816,Cardinal
1833,-74.2349232,5.1964397,Monument
1834,26.0063137,53.3269782,Pepper Wood
1835,20.5122334,50.0055345,Crowley
1836,25.491651,57.4749779,Sommers
1837,111.244529,21.955472,Clyde Gallagher
1838,15.0797515,50.9213963,Loomis
1839,64.5266446,34.016449,Di Loreto
1840,15.1782064,50.1267742,Kedzie
1841,113.3547602,23.2654395,Monterey
1842,35.25662,31.67361,Canary
1843,126.4510829,44.441584,Arapahoe
1844,147.3271949,-42.8821377,Arizona
1845,114.443848,38.284947,Pepper Wood
1846,127.7111415,26.2174802,Acker
1847,102.521807,35.202503,Lien
1848,-84.2184331,10.0165314,Independence
1849,30.8190797,-27.4249796,Cordelia
1850,104.627636,30.128901,Eagle Crest
1851,25.7096503,48.655181,High Crossing
1852,-70.7490939,18.9120012,Sachtjen
1853,15.7292196,60.3641945,Superior
1854,-123.53785,48.382005,Dovetail
1855,118.627917,35.79045,Miller
1856,17.1196937,51.7597721,Coleman
1857,56.2866875,57.863214,Russell
1858,139.007103,37.2516991,Cherokee
1859,-77.2864879,3.2572094,Crescent Oaks
1860,122.7778598,10.0037408,Blue Bill Park
1861,121.467218,31.23285,Hayes
1862,115.910958,29.784315,Hovde
1863,100.23509,26.634672,La Follette
1864,-71.4655565,-16.4544375,Summerview
1865,73.8854331,32.5741487,Stoughton
1866,140.3212196,35.9581394,Riverside
1867,121.7252457,-8.8056791,Monterey
1868,120.4558185,17.8625501,Eliot
1869,118.6557911,-8.5693726,Mendota
1870,100.1255164,16.4306671,Hansons
1871,122.2001457,-8.6436471,Michigan
1872,-74.5838514,46.1223915,Forster
1873,114.938684,24.44218,Bonner
1874,20.2863213,45.7653181,Old Gate
1875,4.7270746,52.6435136,Fair Oaks
1876,41.734917,42.6259555,Prentice
1877,121.5557719,29.8667325,American
1878,-60.216667,-26.883247,Westerfield
1879,41.1023814,9.2185369,Fremont
1880,19.491356,40.4660668,Mariners Cove
1881,-9.3430272,38.8107633,Holy Cross
1882,-70.5072599,18.5459909,Elgar
1883,71.3979891,42.8983715,Anthes
1884,138.1339233,37.0897128,Dakota
1885,-90.4751359,14.2233899,Brown
1886,15.93648,51.2732,Karstens
1887,106.7883416,-6.162275,Sunfield
1888,10.0383761,53.6447228,Sommers
1889,121.9944005,10.4373128,Ohio
1890,57.7034222,-20.4059505,Alpine
1891,61.7405126,52.4397976,Tennessee
1892,116.5558524,39.8184959,Gateway
1893,103.5089907,0.0090686,Reinke
1894,122.0752224,12.3290115,Eliot
1895,73.434227,0.7573413,Almo
1896,-105.937799,35.6869752,4th
1897,109.9081382,-7.7308816,Scofield
1898,103.7983752,1.5484759,Schmedeman
1899,124.3310364,-9.8627946,Cody
1900,111.9075351,-7.3328576,Straubel
1901,120.997332,28.229271,Annamark
1902,49.36706,-17.3256545,Rieder
1903,119.797634,32.23483,Kenwood
1904,106.6281901,10.7900517,Orin
1905,124.925696,6.444345,Karstens
1906,-68.51449,63.75059,Monterey
1907,31.3579913,30.2182236,Maywood
1908,123.4719247,9.5920992,David
1909,6.3760602,45.6629694,Park Meadow
1910,17.5644335,43.0172612,Hooker
1911,21.13909,54.16967,Sullivan
1912,-52.5425318,-27.7929655,Sycamore
1913,98.8938543,18.6243144,Fair Oaks
1914,119.4744572,-5.096602,Spenser
1915,114.503413,31.689906,Charing Cross
1916,-45.2325476,-21.2335652,Orin
1917,123.2814017,-8.3120496,Melby
1918,103.5899733,16.0501738,Warner
1919,114.984292,30.181201,Briar Crest
1920,1.9452714,43.275207,7th
1921,115.2624,-6.8527,Tennessee
1922,51.4322706,35.7952267,Lien
1923,-46.4617086,-23.668163,Eagan
1924,122.018799,47.233746,Bashford
1925,104.874073,29.272581,Arizona
1926,118.6422409,24.9372186,Coleman
1927,114.908822,38.174362,Lunder
1928,-112.8149467,49.6619465,Arizona
1929,69.31278,33.15806,Stone Corner
1930,140.276147,-6.080007,Forest Run
1931,101.1064003,4.6096768,Anhalt
1932,62.3682506,37.2944409,Mayfield
1933,108.5465973,-6.9948481,Derek
1934,29.7999327,48.9965372,Ramsey
1935,122.9978,10.151,Tennessee
1936,35.369953,32.321086,Sugar
1937,-77.360077,-8.536156,Brickson Park
1938,-77.038116,-12.066752,American Ash
1939,15.8527032,50.0665053,Truax
1940,104.857063,26.5836,Hoffman
1941,111.6958831,-6.8208827,Emmet
1942,124.005,11.1619,Dapin
1943,-75.2245693,4.5120691,South
1944,130.0402377,33.4484729,Elmside
1945,108.960747,34.26645,Pond
1946,18.0899315,59.334679,Bashford
1947,44.1783042,40.03553,Elka
1948,-40.7357215,-20.8420055,Schlimgen
1949,18.828601,50.8667699,2nd
1950,19.705595,41.6412644,Anthes
1951,114.0486176,22.7843398,Spaight
1952,121.5954324,16.7011823,Dayton
1953,99.670448,36.334307,Mitchell
1954,36.8219462,-1.2920659,Mandrake
1955,24.5137742,37.1426639,Grasskamp
1956,-70.5263459,19.3947363,Graceland
1957,112.9513185,28.2412186,Mifflin
1958,116.4073963,39.9041999,Service
1959,107.69503,23.17446,Marcy
1960,133.6919231,35.492876,Almo
1961,-56.0500846,-34.858821,Oakridge
1962,-1.5411258,47.2014677,Di Loreto
1963,-75.1716066,-14.0932177,Victoria
1964,-34.9313665,-7.1562056,Hansons
1965,12.4495221,9.2485489,Mallard
1966,99.8001946,28.9301227,Hintze
1967,-81.734942,26.8844636,Lunder
1968,110.73404,29.673196,Pond
1969,-70.7169851,-34.1691251,Superior
1970,100.812859,38.430793,Cascade
1971,20.6327686,49.564452,Carey
1972,106.0463837,-6.669221,Susan
1973,125.6239227,7.5273576,Oakridge
1974,22.7120308,37.6883607,Village Green
1975,-106.4852997,31.7566264,Sloan
1976,121.0220037,14.5338735,Boyd
1977,122.0389128,11.7367016,Thackeray
1978,-71.0913748,-34.4349435,Dawn
1979,-87.6556468,13.622392,Westerfield
1980,139.8738552,39.0483943,Carey
1981,114.406305,37.870792,Springs
1982,98.5089455,3.6196125,Mosinee
1983,-8.9534587,39.3442902,Valley Edge
1984,-87.6876112,38.0515795,Green
1985,115.217658,37.943121,Shoshone
1986,124.1255,-9.9544,Schmedeman
1987,18.9418196,44.1799774,Crescent Oaks
1988,-58.3787726,-34.6381227,Debs
1989,-72.3370089,-39.6415998,Grayhawk
1990,8.539144,7.7321516,Bobwhite
1991,14.0095887,49.6933676,Atwood
1992,36.8458837,-1.2816645,Northport
1993,17.1790537,52.32659,Ridgeview
1994,37.2249417,54.9790861,Red Cloud
1995,4.3051542,7.9045188,Mandrake
1996,7.4839022,47.6329545,Rigney
1997,110.198286,20.044412,Carey
1998,114.382611,38.036815,Dawn
1999,-98.9341937,19.3004022,Eastlawn
2000,-75.483979,3.723827,Buhler
